{"cameraMode":{"drawMode":0,"name":"Shaded","section":"Shading Mode"},"sceneLighting":true,"audioPlay":false,"sceneViewState":{"m_AlwaysRefresh":false,"showFog":true,"showSkybox":true,"showFlares":true,"showImageEffects":true,"showParticleSystems":true,"showVisualEffectGraphs":true,"m_FxEnabled":true},"in2DMode":false,"pivot":{"x":-3.236055850982666,"y":1.9401564598083497,"z":-3.6054229736328127},"rotation":{"x":-0.0008189756772480905,"y":0.9990054965019226,"z":-0.04648721218109131,"w":-0.013218684121966362},"size":5.301681995391846,"orthographic":false}