{"cameraMode":{"drawMode":0,"name":"Shaded","section":"Shading Mode"},"sceneLighting":true,"audioPlay":false,"sceneViewState":{"m_AlwaysRefresh":false,"showFog":true,"showSkybox":true,"showFlares":true,"showImageEffects":true,"showParticleSystems":true,"showVisualEffectGraphs":true,"m_FxEnabled":true},"in2DMode":false,"pivot":{"x":15.510000228881836,"y":2.4609999656677248,"z":-18.690000534057618},"rotation":{"x":-0.23324772715568543,"y":0.038667839020490649,"z":-0.009960668161511422,"w":-0.972175121307373},"size":2.616243362426758,"orthographic":false}