{"cameraMode":{"drawMode":0,"name":"Shaded","section":"Shading Mode"},"sceneLighting":true,"audioPlay":false,"sceneViewState":{"m_AlwaysRefresh":false,"showFog":true,"showSkybox":true,"showFlares":true,"showImageEffects":true,"showParticleSystems":true,"showVisualEffectGraphs":true,"m_FxEnabled":true},"in2DMode":false,"pivot":{"x":-0.1270291805267334,"y":2.3948895931243898,"z":-1.5233802795410157},"rotation":{"x":-0.013520298525691033,"y":-0.5645759105682373,"z":0.009468738920986653,"w":-0.8254252076148987},"size":4.620505332946777,"orthographic":false}